"$__","isNew","errors","_doc","$init"
"{""strictMode"":true,""selected"":{},""getters"":{},""_id"":""599546a26617e71b7cfd0b27"",""wasPopulated"":false,""activePaths"":{""paths"":{""__v"":""init"",""productParagraph"":""init"",""productDiscription"":""init"",""productAlertQuantity"":""init"",""productUnit"":""init"",""productPriceINR"":""init"",""productTaxMethod"":""init"",""productTax"":""init"",""productPurchasePrice"":""init"",""productSupplier"":""init"",""productCategory"":""init"",""productName"":""init"",""productCode"":""init"",""productType"":""init"",""_id"":""init""},""states"":{""ignore"":{},""default"":{},""init"":{""__v"":true,""productParagraph"":true,""productDiscription"":true,""productAlertQuantity"":true,""productUnit"":true,""productPriceINR"":true,""productTaxMethod"":true,""productTax"":true,""productPurchasePrice"":true,""productSupplier"":true,""productCategory"":true,""productName"":true,""productCode"":true,""productType"":true,""_id"":true},""modify"":{},""require"":{}},""stateNames"":[""require"",""modify"",""init"",""default"",""ignore""]},""pathsToScopes"":{},""emitter"":{""domain"":null,""_events"":{},""_eventsCount"":0,""_maxListeners"":0}}",false,,"{""__v"":0,""productParagraph"":""<p>Hello ,</p>\n\n<p>&nbsp; &nbsp; &nbsp; You have choose service. so Thank u...</p>\n"",""productDiscription"":""WEEL"",""productAlertQuantity"":""2"",""productUnit"":""2"",""productPriceINR"":""50"",""productTaxMethod"":""inclusive"",""productTax"":""5"",""productPurchasePrice"":""50"",""productSupplier"":""suppler 6"",""productCategory"":""category 5"",""productName"":""Cold Tea"",""productCode"":""C01"",""productType"":""Service"",""_id"":""599546a26617e71b7cfd0b27""}",true
"{""strictMode"":true,""selected"":{},""getters"":{},""_id"":""599546fb6617e71b7cfd0b28"",""wasPopulated"":false,""activePaths"":{""paths"":{""__v"":""init"",""productParagraph"":""init"",""productDiscription"":""init"",""productPriceINR"":""init"",""productTaxMethod"":""init"",""productTax"":""init"",""productCategory"":""init"",""productName"":""init"",""productCode"":""init"",""productType"":""init"",""_id"":""init""},""states"":{""ignore"":{},""default"":{},""init"":{""__v"":true,""productParagraph"":true,""productDiscription"":true,""productPriceINR"":true,""productTaxMethod"":true,""productTax"":true,""productCategory"":true,""productName"":true,""productCode"":true,""productType"":true,""_id"":true},""modify"":{},""require"":{}},""stateNames"":[""require"",""modify"",""init"",""default"",""ignore""]},""pathsToScopes"":{},""emitter"":{""domain"":null,""_events"":{},""_eventsCount"":0,""_maxListeners"":0}}",false,,"{""__v"":0,""productParagraph"":""<p>I want to very spicy.</p>\n"",""productDiscription"":""Good"",""productPriceINR"":""250"",""productTaxMethod"":""inclusive"",""productTax"":""5"",""productCategory"":""category 15"",""productName"":""Egg Carry"",""productCode"":""C02"",""productType"":""Service"",""_id"":""599546fb6617e71b7cfd0b28""}",true
"{""strictMode"":true,""selected"":{},""getters"":{},""_id"":""599598237807801100b3a37d"",""wasPopulated"":false,""activePaths"":{""paths"":{""__v"":""init"",""productParagraph"":""init"",""productDiscription"":""init"",""productPriceINR"":""init"",""productTaxMethod"":""init"",""productTax"":""init"",""productCategory"":""init"",""productName"":""init"",""productCode"":""init"",""productType"":""init"",""_id"":""init""},""states"":{""ignore"":{},""default"":{},""init"":{""__v"":true,""productParagraph"":true,""productDiscription"":true,""productPriceINR"":true,""productTaxMethod"":true,""productTax"":true,""productCategory"":true,""productName"":true,""productCode"":true,""productType"":true,""_id"":true},""modify"":{},""require"":{}},""stateNames"":[""require"",""modify"",""init"",""default"",""ignore""]},""pathsToScopes"":{},""emitter"":{""domain"":null,""_events"":{},""_eventsCount"":0,""_maxListeners"":0}}",false,,"{""__v"":0,""productParagraph"":""<p>bgb</p>\n"",""productDiscription"":""fkjvn"",""productPriceINR"":""111"",""productTaxMethod"":""inclusive"",""productTax"":""54"",""productCategory"":""category 9"",""productName"":""gj"",""productCode"":""C05"",""productType"":""Service"",""_id"":""599598237807801100b3a37d""}",true
"{""strictMode"":true,""selected"":{},""getters"":{},""_id"":""59959a797807801100b3a37e"",""wasPopulated"":false,""activePaths"":{""paths"":{""__v"":""init"",""productParagraph"":""init"",""productDiscription"":""init"",""productAlertQuantity"":""init"",""productUnit"":""init"",""productPriceINR"":""init"",""productTaxMethod"":""init"",""productTax"":""init"",""productPurchasePrice"":""init"",""productSupplier"":""init"",""productCategory"":""init"",""productName"":""init"",""productCode"":""init"",""productType"":""init"",""_id"":""init""},""states"":{""ignore"":{},""default"":{},""init"":{""__v"":true,""productParagraph"":true,""productDiscription"":true,""productAlertQuantity"":true,""productUnit"":true,""productPriceINR"":true,""productTaxMethod"":true,""productTax"":true,""productPurchasePrice"":true,""productSupplier"":true,""productCategory"":true,""productName"":true,""productCode"":true,""productType"":true,""_id"":true},""modify"":{},""require"":{}},""stateNames"":[""require"",""modify"",""init"",""default"",""ignore""]},""pathsToScopes"":{},""emitter"":{""domain"":null,""_events"":{},""_eventsCount"":0,""_maxListeners"":0}}",false,,"{""__v"":0,""productParagraph"":""<p>Plz MAsala dosha</p>\n"",""productDiscription"":""sdfvds"",""productAlertQuantity"":""1"",""productUnit"":""2"",""productPriceINR"":""210"",""productTaxMethod"":""exclusive"",""productTax"":""2"",""productPurchasePrice"":""250"",""productSupplier"":""suppler 5"",""productCategory"":""category 9"",""productName"":""masala dosha"",""productCode"":""c08"",""productType"":""Standard"",""_id"":""59959a797807801100b3a37e""}",true
"{""strictMode"":true,""selected"":{},""getters"":{},""_id"":""59967b1b8f5cb920d4a8ce66"",""wasPopulated"":false,""activePaths"":{""paths"":{""__v"":""init"",""productParagraph"":""init"",""productDiscription"":""init"",""productAlertQuantity"":""init"",""productUnit"":""init"",""productPriceINR"":""init"",""productTaxMethod"":""init"",""productTax"":""init"",""productPurchasePrice"":""init"",""productSupplier"":""init"",""productCategory"":""init"",""productName"":""init"",""productCode"":""init"",""productType"":""init"",""_id"":""init""},""states"":{""ignore"":{},""default"":{},""init"":{""__v"":true,""productParagraph"":true,""productDiscription"":true,""productAlertQuantity"":true,""productUnit"":true,""productPriceINR"":true,""productTaxMethod"":true,""productTax"":true,""productPurchasePrice"":true,""productSupplier"":true,""productCategory"":true,""productName"":true,""productCode"":true,""productType"":true,""_id"":true},""modify"":{},""require"":{}},""stateNames"":[""require"",""modify"",""init"",""default"",""ignore""]},""pathsToScopes"":{},""emitter"":{""domain"":null,""_events"":{},""_eventsCount"":0,""_maxListeners"":0}}",false,,"{""__v"":0,""productParagraph"":""<p>Helo</p>\n"",""productDiscription"":""Cheese"",""productAlertQuantity"":""2"",""productUnit"":""2"",""productPriceINR"":""250"",""productTaxMethod"":""inclusive"",""productTax"":""5"",""productPurchasePrice"":""250"",""productSupplier"":""suppler 5"",""productCategory"":""category 5"",""productName"":""Dosha"",""productCode"":""c09"",""productType"":""Standard"",""_id"":""59967b1b8f5cb920d4a8ce66""}",true
"{""strictMode"":true,""selected"":{},""getters"":{},""_id"":""599a973ef942f221fc2e1fb0"",""wasPopulated"":false,""activePaths"":{""paths"":{""__v"":""init"",""productAlertQuantity"":""init"",""productUnit"":""init"",""productPriceINR"":""init"",""productTaxMethod"":""init"",""productTax"":""init"",""productPurchasePrice"":""init"",""productSupplier"":""init"",""productName"":""init"",""productCode"":""init"",""productType"":""init"",""_id"":""init""},""states"":{""ignore"":{},""default"":{},""init"":{""__v"":true,""productAlertQuantity"":true,""productUnit"":true,""productPriceINR"":true,""productTaxMethod"":true,""productTax"":true,""productPurchasePrice"":true,""productSupplier"":true,""productName"":true,""productCode"":true,""productType"":true,""_id"":true},""modify"":{},""require"":{}},""stateNames"":[""require"",""modify"",""init"",""default"",""ignore""]},""pathsToScopes"":{},""emitter"":{""domain"":null,""_events"":{},""_eventsCount"":0,""_maxListeners"":0}}",false,,"{""__v"":0,""productAlertQuantity"":""10"",""productUnit"":""1"",""productPriceINR"":""100"",""productTaxMethod"":""inclusive"",""productTax"":""10"",""productPurchasePrice"":""90"",""productSupplier"":""0"",""productName"":""p1"",""productCode"":""wew"",""productType"":""Standard"",""_id"":""599a973ef942f221fc2e1fb0""}",true